{"type":"Topology","arcs":[[[3427,0],[-111,18],[10,58],[-108,16],[-13,-76],[-376,49],[-358,52],[-37,58],[27,47],[7,36],[56,70],[33,-18],[29,22],[-158,23],[-430,170],[-214,151],[-495,77],[-151,21],[-441,71],[-1,71],[41,15],[46,-3],[36,28],[-3,41],[-43,54],[-13,43],[37,69],[61,68],[44,25],[59,286],[-215,35],[-36,72],[40,37],[88,38],[41,27],[37,68],[-16,63],[24,26],[42,21],[11,75],[11,23],[-45,46],[35,77],[-28,21],[-8,61],[-24,31],[16,48],[37,43],[-25,37],[-3,51],[41,36],[3,59],[46,56],[7,49],[-413,61],[-123,24],[-90,8],[-24,38],[-54,-11],[-75,-36],[-86,10],[-64,47],[-101,16],[-10,69],[14,133],[-2,61],[10,104],[24,164],[56,25],[15,-26],[-2,-116],[25,-40],[-14,-108],[79,-40],[55,2],[114,46],[17,33],[-51,22],[-36,86],[-12,83],[12,21],[53,40],[115,48],[28,46],[-58,23],[-14,26],[-3,70],[-12,62],[23,69],[18,116],[24,54],[14,141],[27,159],[-17,74],[-5,107],[25,85],[26,38],[71,75],[-3,72],[9,34],[44,72],[70,66],[53,76],[7,29],[156,-62],[48,-2],[62,16],[510,17],[-5,-52],[-20,-35],[20,-108],[-40,-61],[-6,-46],[70,-45],[15,-22],[60,-103],[83,-18],[74,-38],[16,-32],[-33,-51],[-16,-62],[16,-55],[50,-17],[82,4],[31,-17],[81,-105],[66,-47],[13,-22],[-68,-54],[-8,-24],[36,-52],[60,-25],[40,18],[32,43],[24,10],[33,-64],[41,4],[76,-25],[69,32],[69,86],[29,20],[37,1],[57,-28],[82,10],[45,21],[43,-3],[46,-74],[30,-26],[-8,-21],[-103,-19],[-22,-33],[4,-29],[36,-45],[17,-51],[28,-9],[68,7],[55,-11],[176,-14],[47,21],[78,94],[55,10],[50,-45],[57,-17],[33,-72],[32,-30],[42,-19],[66,2],[88,23],[107,2],[110,-13],[45,-55],[19,-52],[2,-65],[-72,-65],[0,-35],[-55,-60],[-44,-82],[-9,-58],[78,-42],[-38,-79],[-53,-30],[-74,-58],[-61,-37],[50,-19],[-43,-219],[-22,-66],[-1,-95],[-12,-49],[20,-47],[54,9],[49,-28],[50,40],[32,-30],[70,-47],[24,1],[72,45],[109,-124],[144,-218],[60,-44],[365,105],[117,-139],[265,-8],[161,51],[40,56],[121,-49],[51,-132],[-7,-68],[10,-31],[-23,-48],[-60,-78],[-27,-16],[-6,-31],[-44,-30],[-68,-72],[-21,-42],[-43,-42],[4,-22],[-92,-86],[-10,-52],[11,-41],[-55,-33],[-77,-7],[-46,4],[-49,-10],[-14,-36],[-44,-31],[3,-33],[-48,-69],[-2,-24],[-40,-17],[-17,-34],[-45,-40],[-23,-137],[-89,27],[-44,-18],[-36,12],[-16,-20],[75,-35],[-79,-45],[-2,-30],[-28,-24],[-63,6],[-33,-20],[27,-25],[-22,-27],[-75,-35],[-39,-43],[-53,-21],[-10,-17],[-75,0],[-26,-26],[-25,-62],[-45,-19],[-52,-40],[-181,-115],[-108,-33],[-65,-3],[-111,-74]]],"transform":{"scale":[0.00005252945441351212,0.000050084483973211385],"translate":[150.88612998966244,-34.17232180381542]},"objects":{"auspol-maps-2016-p100-alldivisions":{"type":"GeometryCollection","geometries":[{"arcs":[[0]],"type":"Polygon","properties":{"Elect_div":"Hughes","State":"NSW","Numccds":375,"Actual":0,"Projected":0,"Total_Population":0,"Australians_Over_18":0,"Area_SqKm":369.3258194430398,"Sortname":"Hughes"}}]}}}