{"type":"Topology","arcs":[[[3236,1312],[-3,2],[-37,-6],[-6,-49],[31,-55],[-8,-20],[-24,3],[-3,3],[-21,13],[-22,-20],[1,-3],[15,-15],[3,-3],[20,-26],[8,-42],[-2,-59],[2,-3],[37,-21],[8,0],[3,0],[8,-1],[22,-5],[20,-30],[3,-6],[1,-14],[-2,-5],[-10,-15],[-51,4],[-43,-10],[-28,15],[-12,31],[-25,18],[-45,9],[-8,0],[-34,12],[-19,-27],[15,-31],[19,-4],[33,-54],[-9,-32],[-48,-24],[-129,-192],[-72,-113],[-117,-75],[7,-98],[38,-99],[10,-17],[4,-38],[-13,-47],[3,-29],[5,-129],[-132,-5],[-144,122],[-89,21],[-103,9],[-79,87],[-79,-26],[-50,-3],[-37,24],[-15,44],[-13,62],[-42,14],[-51,6],[-78,-10],[-45,56],[-79,177],[-108,114],[-35,21],[-123,31],[-97,17],[-39,28],[-56,20],[-67,7],[-56,-2],[-36,-16],[-117,6],[-39,19],[-45,15],[-78,-6],[-110,-89],[-100,-55],[-108,-27],[-43,2],[-81,15],[-57,-5],[-151,-5],[-50,1],[8,21],[32,260],[8,112],[19,113],[16,239],[11,44],[41,102],[47,15],[103,46],[196,43],[-6,38],[35,63],[10,42],[-14,47],[-21,18],[-51,-2],[-12,13],[-57,92],[-34,31],[-67,52],[-20,58],[-23,30],[-144,92],[-32,26],[-36,138],[-10,184],[-11,27],[-61,41],[-19,20],[-27,65],[-10,30],[17,113],[35,82],[5,49],[126,20],[180,37],[53,6],[82,-6],[58,-17],[81,-45],[79,-61],[57,-32],[74,-17],[107,-11],[92,-17],[163,-45],[34,1],[10,50],[-12,34],[-28,20],[3,23],[22,55],[2,31],[16,48],[52,41],[12,39],[-16,34],[59,13],[42,-14],[12,27],[46,33],[44,-14],[26,5],[60,-7],[45,4],[61,18],[20,-19],[32,1],[49,-45],[20,-48],[48,19],[22,-20],[40,-64],[27,-11],[21,-25],[0,-43],[9,-37],[-8,-45],[29,-19],[26,-1],[70,-28],[30,2],[31,21],[94,21],[78,3],[30,-3],[22,-26],[52,-18],[15,-17],[-7,-42],[20,-37],[0,-19],[14,-57],[-8,-41],[41,2],[25,-28],[10,-35],[33,8],[44,-55],[45,-38],[28,-8],[39,20],[51,-3],[92,-18],[50,-18],[-46,-41],[34,-25],[50,4],[24,-19],[43,-14],[28,0],[16,47],[31,5],[26,-14],[6,-32],[20,-31],[0,-46],[-17,-29],[-33,-13],[19,-34],[7,-63],[22,-28],[40,29],[50,23],[3,-51],[15,-18],[37,-15],[11,-69],[15,-10],[50,0],[52,-33],[26,-29],[-15,-23],[-51,-9],[17,-42],[-12,-54],[11,-48],[34,-70],[26,0],[32,43],[35,26],[39,65],[18,3],[67,-37],[45,9],[34,-53],[7,-85],[13,-60],[48,-70],[-30,-55],[-36,-18],[-36,22],[-81,-13],[-19,9],[-18,45],[-20,0],[-34,-21],[-21,-1],[-51,17],[-99,-17],[-30,-9],[-56,-47],[-25,-10],[-3,-18],[31,-35],[11,-29],[1,-36],[-11,-26],[-47,-35]]],"transform":{"scale":[0.00002933572435896415,0.000027907848523189004],"translate":[151.04730757500596,-33.84306435392118]},"objects":{"auspol-maps-2016-p100-alldivisions":{"type":"GeometryCollection","geometries":[{"arcs":[[0]],"type":"Polygon","properties":{"Elect_div":"Bennelong","State":"NSW","Numccds":357,"Actual":0,"Projected":0,"Total_Population":0,"Australians_Over_18":0,"Area_SqKm":60.265557340260614,"Sortname":"Bennelong"}}]}}}