{"type":"Topology","arcs":[[[4497,1541],[-63,-12],[-54,-43],[-56,2],[26,-39],[-2,-34],[-45,-68],[-79,-26],[-20,-47],[-39,2],[-58,34],[-15,-18],[18,-64],[-20,-44],[-34,5],[-22,36],[-60,65],[-36,-29],[27,-37],[12,-78],[65,-1],[40,-23],[-9,-33],[-29,-29],[34,-26],[21,-50],[-32,-17],[-45,29],[-51,62],[-21,4],[-132,-8],[-27,-26],[55,-113],[-77,50],[-107,1],[-69,-52],[-76,-12],[-108,-44],[-47,0],[-51,37],[13,44],[111,12],[125,57],[0,57],[-55,31],[-44,-2],[-46,-24],[-37,-3],[-70,14],[-29,-20],[-34,-53],[6,-125],[-23,-21],[-99,55],[-6,79],[46,38],[-29,23],[-70,-6],[-18,30],[-75,-6],[-55,17],[-13,-38],[-42,-36],[25,-76],[-55,-15],[-4,55],[-202,21],[-29,-3],[-35,-61],[-29,2],[-108,69],[-38,-7],[-46,-40],[-19,-41],[-32,23],[-47,-25],[-63,-10],[-87,15],[-29,-45],[-51,-41],[-43,1],[-97,41],[-75,-3],[-17,-17],[-32,-64],[4,-67],[56,8],[41,-35],[-22,-26],[-42,12],[-2,-33],[-123,-27],[-48,-44],[-61,-4],[-47,11],[-103,48],[-63,67],[-56,-3],[-6,-25],[-40,-60],[-51,-12],[-48,27],[-50,-1],[-52,29],[-18,-53],[-63,2],[-20,-42],[49,-19],[-11,-26],[-77,26],[-27,-11],[-14,-39],[76,16],[10,-48],[32,-27],[-62,-100],[-56,18],[-29,-12],[10,-41],[65,-33],[-22,-35],[-59,31],[-38,-27],[4,-50],[-27,-47],[-17,-73],[12,-45],[-22,-11],[-44,16],[1,28],[-36,5],[-28,26],[-96,-46],[-29,20],[-19,-54],[-40,43],[-33,12],[-107,18],[-74,-84],[-59,45],[18,17],[-10,36],[-50,12],[6,60],[16,21],[-37,49],[52,-1],[2,35],[-38,12],[-55,-1],[-5,58],[-17,48],[-55,18],[1,31],[38,49],[-16,45],[60,27],[-31,33],[22,41],[-8,31],[31,42],[36,14],[23,31],[-41,100],[-17,8],[-20,73],[25,14],[19,41],[54,-2],[59,61],[-38,34],[44,8],[-37,52],[321,-36],[99,0],[16,99],[116,-12],[-56,92],[75,90],[113,-9],[16,102],[-8,45],[-102,11],[-96,-25],[-248,21],[113,119],[15,50],[492,-51],[109,-13],[43,139],[-6,17],[48,41],[81,15],[87,5],[89,13],[59,19],[113,55],[103,24],[159,14],[133,59],[117,9],[-15,-82],[494,-68],[187,-20],[18,101],[69,-72],[91,-12],[5,21],[66,-5],[68,74],[20,-2],[38,67],[34,151],[-35,33],[33,133],[64,2],[-42,37],[-1,31],[60,-16],[19,55],[60,-15],[37,103],[171,-22],[16,-34],[-3,-139],[73,-11],[19,73],[90,-11],[19,43],[40,-5],[-8,-56],[80,-11],[24,27],[105,30],[37,-10],[28,-27],[90,-10],[-12,-72],[-34,4],[-9,-55],[52,21],[100,-11],[0,-29],[27,-24],[106,-65],[33,-38],[5,-43],[-17,-62],[26,-16],[9,-40],[-31,-49],[32,-37],[-11,-20],[19,-76],[34,-64],[-57,-29],[-31,-55],[-31,9],[-39,-33],[7,-33],[56,9],[7,-39]]],"transform":{"scale":[0.00005252329962465733,0.00005007856108584796],"translate":[145.02788781510233,-37.784539299669454]},"objects":{"auspol-maps-2016-p100-alldivisions":{"type":"GeometryCollection","geometries":[{"arcs":[[0]],"type":"Polygon","properties":{"Elect_div":"Jagajaga","State":"VIC","Numccds":238,"Actual":0,"Projected":0,"Total_Population":0,"Australians_Over_18":0,"Area_SqKm":127.91608344962678,"Sortname":"Jagajaga"}}]}}}