{"type":"Topology","arcs":[[[4342,797],[-34,-34],[-35,-140],[-167,-78],[-65,-13],[-31,-33],[-71,43],[-335,41],[-137,20],[-33,-191],[-107,-88],[-374,44],[-38,-6],[-58,33],[-65,-395],[-35,5],[-20,38],[-39,-6],[-51,31],[-18,34],[-284,1],[-27,39],[-75,48],[-6,-31],[-61,-22],[-147,-4],[-23,16],[-156,26],[-60,1],[-48,19],[-89,9],[-68,32],[-33,-22],[-37,4],[-34,45],[-52,9],[-88,-19],[-8,25],[-72,13],[-10,15],[-68,-14],[-4,-14],[-80,-40],[-72,18],[-49,30],[-36,14],[-30,-8],[-43,18],[-58,8],[-26,47],[-26,-1],[-45,27],[-5,37],[-51,36],[-21,31],[-22,63],[-40,45],[-68,18],[-96,-5],[-117,2],[-43,46],[-52,11],[-22,-10],[-34,-44],[-58,-2],[-39,-31],[-46,7],[17,72],[27,47],[-4,51],[38,26],[59,-31],[22,35],[-65,33],[-10,41],[28,12],[57,-18],[62,100],[-33,28],[-9,47],[-77,-16],[15,39],[27,12],[77,-27],[11,26],[-49,19],[20,42],[63,-2],[18,53],[52,-29],[50,1],[48,-27],[51,12],[40,60],[6,25],[55,3],[64,-66],[103,-49],[47,-11],[61,4],[48,44],[123,27],[2,34],[42,-13],[22,26],[-41,35],[-56,-7],[-4,66],[31,65],[18,16],[75,3],[97,-41],[43,-1],[51,41],[29,45],[87,-14],[63,9],[47,25],[32,-23],[19,41],[46,40],[38,7],[108,-69],[29,-2],[35,61],[29,3],[202,-21],[3,-55],[56,15],[-25,76],[42,36],[13,38],[55,-17],[75,7],[18,-31],[70,6],[29,-22],[-46,-38],[6,-80],[99,-54],[23,20],[-6,125],[33,53],[30,21],[70,-15],[36,3],[47,24],[43,2],[56,-31],[0,-57],[-125,-56],[-112,-13],[-12,-44],[51,-36],[46,0],[109,43],[75,12],[70,52],[106,-1],[78,-50],[-55,113],[27,26],[132,8],[21,-4],[51,-61],[44,-30],[33,17],[-21,51],[-34,25],[28,29],[10,34],[-40,22],[-65,1],[-12,78],[-28,38],[37,28],[59,-65],[23,-36],[34,-5],[20,44],[-18,64],[15,18],[57,-34],[39,-2],[21,47],[79,27],[45,67],[2,34],[-26,39],[55,-2],[55,44],[63,11],[35,-18],[49,19],[-20,77],[90,-5],[17,-30],[-8,-54],[58,-49],[-57,-113],[86,12],[0,36],[26,8],[51,-12],[34,-46],[-2,-50],[44,21],[31,42],[-34,23],[-2,53],[-39,39],[-4,24],[30,57],[51,50],[69,2],[32,13],[-23,-100],[-38,-31],[30,-14],[15,-37],[41,-14],[-24,-140],[30,-73],[-27,-87],[-17,-21],[-134,-64],[-28,-35],[-28,-186],[50,-103],[90,-78],[33,-77],[-19,-147],[128,-11],[-10,-60],[74,-9],[10,-11],[-98,-67]]],"transform":{"scale":[0.000052526642380661256,0.00005007503646358816],"translate":[145.0671255986782,-37.81068675792251]},"objects":{"auspol-maps-2016-p100-alldivisions":{"type":"GeometryCollection","geometries":[{"arcs":[[0]],"type":"Polygon","properties":{"Elect_div":"Menzies","State":"VIC","Numccds":200,"Actual":0,"Projected":0,"Total_Population":0,"Australians_Over_18":0,"Area_SqKm":124.72343719995457,"Sortname":"Menzies"}}]}}}