{"type":"Topology","arcs":[[[2952,1230],[0,-10],[-29,-29],[-17,-49],[10,-21],[-23,-69],[28,-23],[-13,-27],[-41,-33],[-23,-43],[-16,-57],[-29,-11],[-19,-40],[-44,-50],[-99,-28],[-23,-14],[-101,5],[-28,-5],[-25,24],[-72,13],[-67,-41],[-39,63],[-83,54],[-63,20],[-60,5],[-194,-32],[-63,-23],[-137,-73],[-82,-79],[-96,-139],[11,-21],[-29,-48],[46,-30],[20,-29],[-56,-112],[55,-58],[-31,-58],[9,-13],[103,-41],[-40,-57],[-161,-51],[-265,8],[-117,139],[-366,-105],[-59,44],[-144,218],[-109,124],[-72,-45],[-24,-1],[-71,47],[-31,31],[-50,-40],[-50,27],[-53,-9],[-20,47],[12,49],[1,96],[22,65],[43,219],[-51,19],[62,37],[74,59],[53,29],[38,79],[-78,42],[9,58],[44,82],[55,61],[0,34],[72,66],[-2,64],[-20,53],[-45,55],[2,83],[41,42],[231,115],[144,-19],[31,39],[52,13],[215,156],[114,83],[10,15],[18,88],[318,-49],[19,2],[-1,-3],[-2,-6],[-3,-5],[-2,-6],[-1,-2],[-2,-3],[-2,-5],[-3,-4],[-1,-4],[-3,-6],[-2,-4],[-3,-5],[-1,-4],[-2,-4],[-3,-5],[-2,-3],[-2,-4],[-2,-3],[-3,-5],[-2,-6],[-4,-6],[-5,-9],[-1,-5],[-1,-2],[-3,-5],[-1,-2],[-3,-8],[-2,-5],[-5,-11],[-2,-6],[-4,-13],[-1,-5],[-1,-4],[-1,-4],[-1,-4],[0,-3],[0,-4],[-1,-3],[-1,-2],[0,-3],[-1,-2],[0,-2],[-1,-1],[0,-2],[0,-1],[-1,-3],[0,-2],[-1,-4],[0,-2],[0,-1],[-2,-4],[0,-1],[-1,-7],[-1,-2],[-1,-4],[0,-3],[0,-1],[-1,-2],[0,-1],[0,-3],[0,-1],[-1,-1],[0,-1],[-1,-2],[0,-1],[-1,-2],[0,-1],[0,-1],[0,-1],[0,-1],[0,-1],[0,-1],[0,-4],[0,-1],[-1,-1],[0,-2],[0,-2],[-1,-1],[0,-1],[0,-1],[-1,-1],[-1,-1],[0,-1],[0,-1],[-1,-2],[-1,-1],[-1,-1],[-1,-2],[0,-1],[-1,-1],[-1,-1],[-3,-6],[-2,-3],[-1,-3],[0,-2],[-2,-5],[-1,-4],[-2,-7],[-1,-2],[-1,-4],[0,-1],[0,-1],[-1,-2],[-1,-1],[-2,-11],[-1,-3],[0,-3],[-1,-4],[0,-3],[0,-4],[0,-11],[0,-3],[0,-1],[-1,-1],[-1,-1],[0,-1],[-1,-4],[0,-2],[0,-3],[0,-2],[0,-1],[0,-2],[0,-2],[1,-4],[0,-3],[0,-1],[0,-1],[0,-2],[1,-1],[0,-2],[0,-1],[0,-11],[-1,-1],[-1,-1],[-1,-2],[0,-7],[1,-1],[0,-2],[0,-5],[-1,-5],[0,-2],[0,-5],[0,-7],[0,-3],[1,-2],[0,-1],[-1,-3],[-1,-2],[1,-15],[1,-3],[0,-2],[1,-4],[0,-4],[1,-3],[1,-3],[1,-3],[0,-1],[0,-2],[0,-2],[1,-3],[3,-10],[1,-2],[7,-12],[1,-2],[2,-3],[0,-1],[0,-7],[1,-1],[0,-1],[0,-2],[1,-2],[0,-1],[1,0],[0,-1],[0,-4],[-1,-1],[-2,-1],[-2,-1],[80,-49],[99,-32],[89,-37],[2,-1],[1,-1],[4,-4],[4,-3],[1091,-17],[8,6],[1,1],[8,1],[1,-2],[2,0],[2,-1],[12,-2],[2,-2],[54,-30],[1,-1],[1,0],[1,-1],[8,-3],[5,-1],[29,-16],[35,-82],[-9,-40],[32,-31],[-10,-20],[1,-1],[1,-1],[1,-1],[1,-1],[1,-1],[0,-1],[1,-1],[1,-17],[-1,-5],[16,-39]]],"transform":{"scale":[0.000052524009197562356,0.000050066834380417316],"translate":[151.07687492186236,-34.077818817994455]},"objects":{"auspol-maps-2016-p100-alldivisions":{"type":"GeometryCollection","geometries":[{"arcs":[[0]],"type":"Polygon","properties":{"Elect_div":"Cook","State":"NSW","Numccds":357,"Actual":0,"Projected":0,"Total_Population":0,"Australians_Over_18":0,"Area_SqKm":93.8224955294879,"Sortname":"Cook"}}]}}}