{"type":"Topology","arcs":[[[1095,0],[-48,25],[-249,112],[-218,-110],[-191,30],[-137,226],[-143,247],[-68,43],[-41,12],[25,37],[103,81],[44,71],[-5,54],[74,48],[47,77],[-39,64],[-30,27],[-74,13],[-57,2],[15,74],[29,33],[20,99],[53,29],[36,-6],[20,26],[45,-8],[75,36],[-26,92],[3,38],[63,83],[-7,96],[-33,61],[-26,81],[33,34],[47,30],[25,37],[8,45],[-21,123],[31,65],[226,177],[204,101],[196,38],[137,57],[40,66],[10,86],[-57,187],[19,170],[35,127],[122,131],[154,45],[154,-59],[76,-86],[129,-41],[101,4],[156,172],[5,155],[-12,167],[81,132],[117,159],[19,110],[3,94],[-195,226],[-78,198],[-8,127],[57,71],[107,75],[22,54],[-40,50],[-44,100],[8,83],[95,149],[26,51],[-1,40],[-134,144],[-74,64],[-85,51],[-23,81],[12,50],[-9,96],[45,91],[49,54],[39,58],[10,44],[73,18],[37,20],[106,77],[65,10],[223,-19],[99,-5],[75,35],[-32,47],[46,26],[25,40],[59,14],[91,9],[25,-16],[55,-103],[34,-11],[119,-15],[105,-33],[24,12],[-19,-99],[32,-27],[-44,-88],[847,-133],[-19,-86],[53,-25],[54,-13],[80,-33],[-17,-35],[15,-27],[-1,-41],[-63,-37],[-57,-48],[-85,-114],[22,-39],[16,-55],[-5,-54],[47,-54],[-14,-48],[-5,-92],[26,-48],[-23,-53],[7,-29],[-16,-47],[19,-39],[-24,-18],[-17,-77],[-46,-34],[-17,-37],[-68,7],[-111,-71],[-15,-4],[-144,-83],[-182,-123],[-174,-129],[-144,-118],[-112,-99],[-82,-80],[-97,-118],[-91,-142],[-37,-83],[-22,-83],[-17,-86],[11,-90],[13,-38],[41,-46],[40,15],[37,-67],[18,-11],[-6,-67],[-76,-68],[-11,-60],[-34,1],[-20,-43],[-53,-23],[-56,-54],[-32,-59],[-14,-50],[-54,-71],[3,-32],[-21,-48],[21,-20],[7,-88],[-13,-33],[15,-50],[-18,-13],[5,-53],[-50,-1],[-32,-43],[38,-36],[-35,-47],[34,-47],[-33,-40],[-30,-73],[-35,-25],[-18,-54],[-58,8],[-60,-71],[-38,-68],[-12,-43],[7,-60],[41,-41],[47,7],[27,-22],[-11,-24],[17,-65],[-88,-27],[-5,-57],[62,-89],[69,-15],[-1,-25],[-56,-5],[-44,22],[-62,-40],[-29,-32],[13,-26],[-5,-89],[9,-41],[-48,7],[-65,-15],[-25,-39],[26,-95],[-22,-24],[56,-52],[-61,9],[-49,-47],[-49,-30],[-10,-20],[-59,12],[-73,-42],[-52,-46],[-54,-32],[-76,-58],[-91,-85],[-74,-85],[-93,-79],[-25,-12],[-126,-113],[-121,-135],[-81,-129],[-49,-93]]],"transform":{"scale":[0.00005252958364060095,0.000050083734662095815],"translate":[151.5075660907984,-33.247318744155415]},"objects":{"auspol-maps-2016-p100-alldivisions":{"type":"GeometryCollection","geometries":[{"arcs":[[0]],"type":"Polygon","properties":{"Elect_div":"Shortland","State":"NSW","Numccds":374,"Actual":0,"Projected":0,"Total_Population":0,"Australians_Over_18":0,"Area_SqKm":264.71447124779155,"Sortname":"Shortland"}}]}}}